p_val	avg_log2FC	pct.1	pct.2	p_val_adj	cluster	gene	direction
1.88644937535351e-75	-5.32392812070775	0.034	0.809	2.2588344820483e-71	1	CD34	down
1.80089627458544e-71	-3.06231719307616	0.513	0.945	2.15639319918861e-67	1	PMP2	down
1.46402170693623e-59	-5.1747705805341	0.042	0.724	1.75301959188544e-55	1	RAMP3	down
3.12372590254201e-54	-7.2161225291552	0.004	0.667	3.7403493957038e-50	1	ESAM	down
9.7308928658186e-46	-4.68642626998157	0.038	0.606	1.16517711175312e-41	1	JAG2	down
1.61208676395596e-45	-5.48289287589644	0.021	0.59	1.93031269116087e-41	1	NOS3	down
1.14890062052721e-44	-3.45316782090766	0.109	0.679	1.37569360301928e-40	1	KDR	down
1.7505061590254e-44	-1.84957566711012	0.521	0.896	2.09605607481701e-40	1	KRT18	down
3.10002775240732e-44	-5.48123365197474	0.017	0.555	3.71197323073253e-40	1	SLC29A1	down
8.45302723399187e-43	-4.1840977465566	0.109	0.648	1.01216548099819e-38	1	AQP1	down
9.95506350427602e-43	-6.60853891103466	0.008	0.57	1.19201930400201e-38	1	PLCB1	down
3.57049460001133e-42	-5.08979792949827	0.021	0.556	4.27531023405357e-38	1	NRP1	down
1.72966687087691e-40	-3.23306400886191	0.122	0.647	2.07110311118801e-36	1	KIAA1217	down
4.41029429330041e-38	-4.32535159890996	0.034	0.548	5.28088638679791e-34	1	ARHGEF9	down
7.23278133073223e-38	-1.499380998685	0.634	0.902	8.66053236541877e-34	1	KRT8	down
1.50205550767432e-37	-1.97854883538356	0.391	0.833	1.79856126488923e-33	1	PLVAP	down
2.72504160433882e-37	-4.50142882733386	0.029	0.515	3.2629648170353e-33	1	CD93	down
4.12590064546641e-37	-3.39120414620458	0.097	0.592	4.94035343288148e-33	1	COL4A1	down
1.55585921512172e-36	-3.1959634867152	0.197	0.66	1.86298582418674e-32	1	INSR	down
5.68292239474391e-36	-2.8346304720702	0.168	0.668	6.80473127546636e-32	1	PODXL	down
1.82810711768102e-35	-3.56037162857415	0.076	0.542	2.18897546271125e-31	1	COL4A2	down
3.29465010710426e-35	-1.53266869978431	0.643	0.9	3.94501403824664e-31	1	CRIP1	down
4.01240992537084e-35	-7.59837009331637	0	0.464	4.80445964463904e-31	1	APLNR	down
5.55662632505456e-34	-3.00477154727441	0.16	0.618	6.65350436162033e-30	1	ARL15	down
7.07420522955383e-34	-3.12007771113937	0.097	0.602	8.47065334186775e-30	1	SPACA4	down
1.18733177989133e-30	-3.40489036389516	0.071	0.513	1.42171107324188e-26	1	FCN1	down
3.21158354603673e-30	-6.25426850084847	0.004	0.43	3.84555013802438e-26	1	PCDH1	down
1.72503226067227e-29	-4.8134183079529	0.017	0.425	2.06555362892898e-25	1	EPAS1	down
2.1215586810663e-29	-3.21209904660453	0.071	0.47	2.54035436470878e-25	1	EZR	down
1.54099653413519e-28	-2.28512977420827	0.256	0.678	1.84518924997347e-24	1	CD2	down
1.05747934375936e-133	8.90958555296931	0.908	0.004	1.26622576621746e-129	1	RELN	up
8.61613513521076e-128	7.82999007938792	0.908	0.026	1.03169602109014e-123	1	HAPLN3	up
2.14309343454929e-114	4.4435678571139	0.966	0.188	2.56614007852932e-110	1	MRC1	up
3.40882312760804e-94	4.17259525533239	0.861	0.129	4.08172481299787e-90	1	NRP2	up
4.22366796836886e-92	5.03220040570813	0.718	0.035	5.05742002532487e-88	1	UNC5B	up
2.05696784139036e-90	6.06018729123774	0.693	0.021	2.46301329328081e-86	1	NFIX	up
7.69333927352745e-86	3.68234977205712	0.933	0.335	9.21200444612177e-82	1	CTSL	up
1.60768050015131e-81	6.4144290108633	0.613	0.013	1.92503663088117e-77	1	PROX1	up
5.4541375370418e-79	6.09447694017322	0.613	0.015	6.53078428685385e-75	1	FGF10	up
3.03496299437272e-76	6.99189948599163	0.576	0.006	3.6340646894619e-72	1	PDPN	up
1.05225928011562e-75	4.92471754684001	0.622	0.028	1.25997526201045e-71	1	SRGN	up
3.585474713945e-69	4.30582545679402	0.613	0.043	4.29324742247774e-65	1	GPNMB	up
7.89492443925514e-67	2.76101721404735	0.861	0.31	9.4533825235641e-63	1	MMRN1	up
5.8254033007613e-66	3.78317285786821	0.668	0.083	6.97533791233158e-62	1	FLT4	up
6.4223785850008e-66	8.91424693033917	0.504	0.002	7.69015611767996e-62	1	STAB2	up
1.29731070248192e-60	2.27373887530829	0.899	0.425	1.55339983515185e-56	1	FAM107B	up
2.02436172118495e-59	5.23057956233301	0.504	0.018	2.42397072494686e-55	1	SEMA3A	up
5.77259910121004e-57	4.96754515649922	0.492	0.025	6.9121101637889e-53	1	GAS7	up
1.597504729635e-55	2.97310677277774	0.71	0.162	1.91285216326495e-51	1	CADM1	up
3.10959632431717e-54	3.67704151435723	0.601	0.076	3.72343063873738e-50	1	NR6A1	up
4.92857445147933e-52	2.15877800659028	0.962	0.652	5.90147504820135e-48	1	PRSS23	up
1.56755609214889e-51	5.0820411443309	0.445	0.017	1.87699166473908e-47	1	SNCA	up
3.05091719362907e-50	1.76824196779865	0.903	0.474	3.65316824765144e-46	1	SPARC	up
9.09712084010312e-50	3.89044515246643	0.534	0.057	1.08928924939395e-45	1	FGL2	up
3.89888200350043e-49	2.55456110417261	0.714	0.198	4.66852131099141e-45	1	IQSEC1	up
5.7360150919373e-49	2.51926770783689	0.735	0.233	6.86830447108572e-45	1	ADD3	up
1.09677070097637e-48	3.60986426502342	0.525	0.056	1.31327323734911e-44	1	PDGFC	up
1.14825742210824e-48	5.2596109018112	0.403	0.012	1.37492343723241e-44	1	DOCK5	up
3.25633520236725e-48	4.30582545679402	0.412	0.019	3.89913577131454e-44	1	ITGB3	up
1.48202306330579e-44	2.90942454688233	0.634	0.153	1.77457441600235e-40	1	APCS	up
1.28904593521996e-12	-1.50294956832073	0.33	0.595	1.54350360283238e-08	2	DOCK9	down
4.88664193818069e-12	-2.15831116602812	0.125	0.392	5.85126505677756e-08	2	TACR1	down
7.65154792060273e-12	-1.22847718379743	0.409	0.615	9.16196348012971e-08	2	RAMP3	down
1.60367183841709e-11	-3.29092441744755	0.125	0.387	1.92023665932062e-07	2	MRC1	down
6.37056741887993e-11	-2.59852722830296	0.074	0.344	7.62811742736683e-07	2	IQSEC1	down
7.6348352931989e-11	-1.68098938849493	0.227	0.48	9.14195178007636e-07	2	XIRP2	down
1.18816348342228e-10	-5.7895138452731	0.006	0.222	1.42270695504984e-06	2	RELN	down
1.27934223023213e-10	-1.56149910856837	0.244	0.493	1.53188438647995e-06	2	PLCB1	down
2.11077866743299e-10	-1.71233351682331	0.17	0.423	2.52744637638427e-06	2	EXOC3L2	down
4.26674523340197e-10	-1.94935723863177	0.119	0.352	5.10900074247552e-06	2	GALNT18	down
1.34010736655242e-09	-1.91977624808205	0.125	0.363	1.60464456070987e-05	2	ZNF521	down
1.57602386315982e-09	-0.976187117767773	0.494	0.752	1.88713097374757e-05	2	SHANK3	down
6.11988059571707e-09	-4.93312915322543	0.034	0.237	7.32794502531162e-05	2	HAPLN3	down
8.16047509403105e-09	-0.92640042643411	0.46	0.702	9.77135287759278e-05	2	ICAM1	down
8.4689706981074e-09	-2.58574107334712	0.045	0.247	0.000101407455139138	2	SLC4A11	down
8.92140307752549e-09	-1.9972487332956	0.085	0.322	0.00010682488045029	2	SVIL	down
1.74229912872437e-08	-1.57098820470468	0.239	0.474	0.000208622897673456	2	STAB1	down
3.36422682811348e-08	-1.02073876046954	0.256	0.477	0.000402832520398308	2	ARHGAP21	down
3.75119165478056e-08	-2.01029701374789	0.057	0.258	0.000449167688743425	2	MAN1A1	down
4.09567910015973e-08	-1.15847839624053	0.312	0.553	0.000490416615453127	2	LOC138472433	down
1.01175322480699e-07	-1.49350601566831	0.153	0.372	0.00121147331138389	2	PTPRE	down
1.16166701248231e-07	-0.922401717488872	0.335	0.563	0.00139098008074632	2	EGFL7	down
1.32067819407378e-07	-1.52487018657765	0.148	0.377	0.00158138006958395	2	VAV3	down
1.35546317906609e-07	-0.990792167496182	0.307	0.524	0.00162303161061374	2	NRK	down
1.63952839324895e-07	-1.45064360136731	0.148	0.368	0.00196317129807629	2	ADD1	down
1.65405250768317e-07	-1.73345680838907	0.119	0.36	0.00198056247269983	2	FCHSD2	down
2.18017797193864e-07	-1.55043294010191	0.244	0.454	0.00261054510359933	2	MMRN1	down
2.54711235118619e-07	-1.03230129016339	0.216	0.426	0.00304991232931035	2	SPNS2	down
1.26013501340666e-06	-1.0812298858457	0.193	0.413	0.0150888566505314	2	PREX2	down
7.50543954105173e-10	-6.46232087284357	0.013	0.236	8.98701330645534e-06	3	HAPLN3	down
3.70132398369132e-09	-5.57586340438836	0.006	0.217	4.43196533807199e-05	3	RELN	down
3.25597480549064e-08	-1.66343462523841	0.161	0.405	0.00038987042320945	3	SMAD1	down
8.23876597494668e-08	-1.73164501068003	0.123	0.335	0.000986509837840115	3	VASH2	down
3.15664448669846e-22	1.65718598786169	0.781	0.429	3.77976610837274e-18	3	PMP22	up
8.87936282955206e-19	1.06593939782203	0.865	0.516	1.06321490521056e-14	3	KDR	up
4.6469735381755e-14	1.80585532444382	0.548	0.253	5.56428611461134e-10	3	HS3ST1	up
5.32849017770672e-14	0.97097369416012	0.761	0.429	6.38033413878603e-10	3	NOS3	up
9.97419034225565e-14	1.19043554326922	0.632	0.325	1.19430955158169e-09	3	ACVRL1	up
1.35218027184108e-13	1.30662085403822	0.748	0.505	1.61910065750251e-09	3	AQP1	up
3.47458461898531e-12	0.924033622792868	0.813	0.528	4.16046762277301e-08	3	PODXL	up
1.09736665747449e-10	0.849839228960501	0.735	0.462	1.31398683565995e-06	3	SPACA4	up
7.96981919203614e-10	0.851492759368894	0.6	0.352	9.54306150054408e-06	3	EXOC3L2	up
1.44962574657666e-09	0.624362828139467	0.916	0.716	1.73578186895089e-05	3	PLVAP	up
1.97653248372892e-09	1.09975713231745	0.516	0.258	2.36669999601701e-05	3	F8	up
2.29912680231852e-09	1.21320121309319	0.465	0.208	2.75297443309619e-05	3	SELP	up
2.55345139275315e-09	1.09290112369973	0.497	0.26	3.05750269768262e-05	3	SMAD6	up
1.33919547298953e-08	0.836806993592753	0.839	0.621	0.000160355265935766	3	CD34	up
5.64013698536282e-08	1.17902409777511	0.368	0.161	0.000675350002627345	3	LPAR4	up
1.06282534758795e-07	1.3765997423704	0.361	0.146	0.00127262707120181	3	SPRY3	up
1.19138782556133e-07	0.917645280819447	0.742	0.5	0.00142656778232713	3	PTGS2	up
2.16028903543856e-07	0.787753437094797	0.581	0.341	0.00258673009103413	3	ID3	up
2.33133867829774e-07	0.839377897040998	0.555	0.338	0.00279154493339372	3	PINLYP	up
3.77472015767235e-06	0.690613412166044	0.568	0.339	0.0451984991679687	3	APLNR	up
6.3146848671207e-13	-1.1326684142993	0.532	0.8	7.56120365989033e-09	4	HMGN2	down
6.78605450425488e-13	-0.680889669760118	0.73	0.957	8.12562166339479e-09	4	UBA52	down
4.81104274476697e-12	-0.795693701678795	0.667	0.877	5.76074258258397e-08	4	ATP5MC2	down
2.99821463929543e-11	-0.724774323321128	0.723	0.934	3.59006220909235e-07	4	RPL35A	down
3.04640710952993e-10	-6.89166790887841	0.007	0.234	3.64776787295114e-06	4	HAPLN3	down
3.96651618392084e-10	-1.22644882171875	0.461	0.669	4.74950647862681e-06	4	TMEM176B	down
4.94955007874379e-10	-0.729071940691681	0.681	0.882	5.92659126428782e-06	4	RPL37A	down
5.07047243319888e-10	-0.793593249912427	0.674	0.892	6.07138369151235e-06	4	RPL22	down
7.420509558693e-10	-1.18039732221595	0.426	0.66	8.885318145579e-06	4	B2M	down
1.95036562002998e-09	-1.81165329740051	0.227	0.528	2.33536779342389e-05	4	SGK1	down
2.55409227406618e-09	-5.41941038087395	0.007	0.214	3.05827008896685e-05	4	RELN	down
3.44616012394113e-09	-1.03566946121662	0.489	0.69	4.1264321324071e-05	4	ICAM1	down
5.40402217621223e-09	-1.07697523323356	0.369	0.588	6.47077615379652e-05	4	SPARC	down
7.92435562771811e-09	-0.756620220597537	0.525	0.742	9.48862342862966e-05	4	LOC138504591	down
9.17636683417549e-09	-0.817250283650003	0.667	0.872	0.000109877816472417	4	CRIP1	down
1.06662964754041e-08	-0.984235418966012	0.461	0.702	0.000127718233996489	4	PPDPF	down
1.62576960335979e-08	-0.955969417254504	0.418	0.683	0.000194669652306301	4	ATP5MF	down
1.65586615890987e-08	-0.956877858214493	0.447	0.675	0.000198273413867868	4	CAVIN2	down
3.22024986394898e-08	-2.8794285419849	0.156	0.373	0.000385592718709251	4	MRC1	down
3.55551664606014e-08	-0.647505137128881	0.645	0.849	0.000425737563199242	4	RPS5	down
8.07950621456671e-08	-1.6420461624896	0.234	0.449	0.000967440074132218	4	MMRN1	down
1.00492339618742e-07	-0.960856141328749	0.44	0.652	0.00120329527459481	4	ATP5PF	down
4.22740844318957e-07	-0.861667102820561	0.44	0.649	0.00506189886987519	4	RSL24D1	down
5.70571949657451e-07	-0.784121670119766	0.433	0.647	0.00683202852519832	4	YBX3	down
6.28785182641795e-07	-0.609908703471622	0.667	0.881	0.00752907377695286	4	DBI	down
7.59152576661004e-07	-0.644923701261134	0.631	0.838	0.00909009295293886	4	RPL9	down
9.062032298984e-07	-0.744782450625937	0.461	0.698	0.0108508774748034	4	COX6C	down
2.13334740038839e-06	-0.77670446664087	0.454	0.659	0.0255447017722506	4	ATP5MC3	down
2.41209984281151e-06	-0.879108569356825	0.326	0.543	0.028882483517825	4	UBL5	down
2.80985264183347e-06	-1.31509817538269	0.199	0.436	0.033645175533314	4	TXNIP	down
1.00588929676669e-36	2.64695816330624	0.787	0.283	1.20445184394844e-32	4	PDGFD	up
2.65961740099871e-31	1.88792603878369	0.894	0.52	3.18462587595585e-27	4	INSR	up
2.33766244392453e-30	2.16294576459586	0.709	0.223	2.79911701035524e-26	4	ARHGEF28	up
9.54686913507931e-30	1.5433356029998	0.929	0.641	1.1431421102344e-25	4	PTPRM	up
1.22844277455749e-25	1.2824279460583	0.908	0.54	1.47093737825514e-21	4	RAMP3	up
2.04511325217132e-23	1.45473523965265	0.872	0.494	2.44881860814994e-19	4	KIAA1217	up
1.88348799485526e-22	1.61274793534732	0.809	0.476	2.25528852503969e-18	4	LOC138472433	up
3.59392949998052e-20	1.39792697507032	0.823	0.445	4.30337118327667e-16	4	COL4A1	up
4.26982363222905e-20	2.46273814064928	0.532	0.158	5.11268681723106e-16	4	SH3RF3	up
6.58935325283765e-20	1.36365193060256	0.787	0.41	7.8900915849478e-16	4	PLCB1	up
9.47361906816414e-20	1.33619828853318	0.809	0.483	1.13437114722197e-15	4	TCF4	up
3.02916807097515e-19	2.02058293800119	0.525	0.159	3.62712584818565e-15	4	EMID1	up
7.57693703784217e-19	1.34410617504455	0.837	0.481	9.07262440911222e-15	4	ARL15	up
8.55661473761276e-19	1.5337203932584	0.667	0.298	1.02456904868175e-14	4	PCDH1	up
1.25386448880987e-18	1.77538114829963	0.61	0.219	1.50137733890094e-14	4	PCDH17	up
3.10337597908407e-18	1.63180539294059	0.681	0.324	3.71598239735526e-14	4	PTK2	up
8.91067306345895e-18	1.30264572882215	0.766	0.403	1.06696399261857e-13	4	COL4A2	up
2.2595706844967e-17	1.15710908160134	0.915	0.685	2.70560993761635e-13	4	SHANK3	up
6.73032425037207e-17	1.96322792761851	0.532	0.192	8.05889025739551e-13	4	ST8SIA4	up
1.01254042831227e-16	1.49264728700942	0.809	0.587	1.21241590886112e-12	4	TJP1	up
1.08830384726557e-16	1.48656204029574	0.589	0.267	1.30313502671579e-12	4	RASA3	up
2.01228114765207e-16	1.72864244009086	0.489	0.195	2.40950544619859e-12	4	SUSD1	up
2.77088958746418e-16	1.28610626548658	0.809	0.482	3.31786319202961e-12	4	GRB10	up
3.51278547453014e-16	1.46612438896583	0.589	0.251	4.20620932720239e-12	4	JARID2	up
1.00150096157484e-15	1.91925660018064	0.582	0.247	1.19919725138972e-11	4	ARHGAP27	up
2.08760198679386e-15	1.93253688999593	0.553	0.215	2.49969461898697e-11	4	LOC138473015	up
7.30787452166858e-15	1.31775901544278	0.716	0.38	8.75044895224595e-11	4	DYSF	up
1.03182047234561e-14	1.54476455500261	0.66	0.356	1.23550183358663e-10	4	MAGI1	up
2.80395922245141e-14	1.72684446498167	0.447	0.183	3.35746077296331e-10	4	PRKCE	up
3.09220491399873e-14	1.29832412287206	0.702	0.407	3.70260616402208e-10	4	ARHGEF9	up
7.03375278280988e-15	-2.70666886629468	0.128	0.463	8.42221558213655e-11	5	MMRN1	down
2.21417580415993e-09	-5.88999230469367	0.014	0.233	2.6512541079011e-05	5	HAPLN3	down
2.2247048128147e-09	-3.60039254129076	0.113	0.379	2.66386154286432e-05	5	MRC1	down
3.68229964592568e-09	-3.00308164814196	0.078	0.306	4.40918559603141e-05	5	NRP2	down
8.71759198137584e-09	-5.41941038087395	0.007	0.214	0.000104384446384994	5	RELN	down
2.97474141904861e-08	-1.78785117251782	0.22	0.468	0.000356195537516881	5	STAB1	down
4.26578854133553e-07	-1.1549813929684	0.326	0.538	0.00510785519939516	5	KRT19	down
4.5880127063459e-07	-2.14806197902861	0.113	0.329	0.00549368641457858	5	IQSEC1	down
1.83389849143694e-06	-0.877046556413684	0.489	0.69	0.0219591005364659	5	ICAM1	down
1.70415647534679e-16	1.2272099715874	0.738	0.407	2.04055696358024e-12	5	DLK1	up
1.55922581104986e-15	1.60956277680746	0.489	0.174	1.8670169861511e-11	5	WIF1	up
2.96033814067047e-13	0.845871705375026	0.936	0.695	3.54470888963882e-09	5	PRDX1	up
2.19278810568756e-11	0.78682239640413	0.837	0.607	2.62564447775028e-07	5	COX7B	up
1.15665467644157e-10	1.55891535277752	0.418	0.157	1.38497830957114e-06	5	PDGFB	up
1.44573020346564e-10	0.872859571933377	0.73	0.457	1.73111734562976e-06	5	COL4A1	up
3.3508304703673e-10	0.875298491345645	0.858	0.603	4.01228440521781e-06	5	ATP5MC3	up
1.60984761245476e-09	0.8532644397199	0.688	0.413	1.92763153115333e-05	5	COL4A2	up
8.0010581954326e-09	1.08039545193046	0.603	0.323	9.580467083211e-05	5	PSMA5	up
9.11756318311872e-09	0.824769175261789	0.723	0.447	0.000109173701554664	5	ATP5F1D	up
3.52285357123441e-08	0.692603061984103	0.745	0.464	0.000421826486619608	5	SPACA4	up
4.58991610655479e-08	0.919450594042357	0.681	0.451	0.000549596554598871	5	LOC138567840	up
7.01086530388084e-08	0.550839502339816	0.936	0.736	0.000839481011486692	5	RACK1	up
7.08511357597989e-08	0.787832126854115	0.716	0.466	0.000848371499587833	5	PSMA4	up
7.16260748886215e-08	0.762823762087232	0.638	0.387	0.000857650620716354	5	HMGB3	up
8.09360183535262e-08	0.732047871909558	0.674	0.45	0.000969127883765122	5	ATP5MG	up
9.73447477924495e-08	1.13537030579379	0.447	0.232	0.00116560601006679	5	UCHL1	up
1.0157896796898e-07	0.859039077346535	0.56	0.343	0.00121630656246057	5	APLNR	up
1.15097878201556e-07	0.712534964305975	0.681	0.44	0.00137818199358543	5	NEDD8	up
1.68688796848592e-07	0.681734545538625	0.603	0.395	0.00201987965346504	5	PKM	up
4.08888742077028e-07	0.777781385622904	0.745	0.517	0.00489603379763033	5	TUBA1B	up
1.65487587908303e-06	0.540332483702976	0.844	0.641	0.0198154837761402	5	TUBA1A	up
1.90310264450607e-06	0.693077526311565	0.73	0.503	0.0227877510653157	5	COX5B	up
2.0731480017769e-06	0.699624089060414	0.716	0.497	0.0248238741732766	5	POMP	up
3.64692255253993e-06	0.625952055213851	0.667	0.458	0.0436682506441131	5	GNG5	up
1.1876170713769e-24	-2.79550414551362	0.396	0.759	1.4220526812667e-20	6	PRSS23	down
1.02010062619001e-13	-1.42865421826148	0.317	0.631	1.22146848979991e-09	6	MYADM	down
4.09291702981886e-13	-2.34056921623257	0.273	0.567	4.9008588515051e-09	6	IGFBP1	down
1.21022015652805e-12	-1.16969146914501	0.576	0.792	1.44911761542669e-08	6	TUBB4A	down
6.57720175877305e-12	-1.22691633783796	0.374	0.657	7.87554138595485e-08	6	LDHA	down
8.63027795900874e-12	-1.38406273455897	0.381	0.66	1.03338948281171e-07	6	JPT1	down
1.34752506873282e-11	-1.83597838452611	0.281	0.555	1.61352651730068e-07	6	FAM107B	down
2.18800879986872e-11	-1.62215327073425	0.259	0.544	2.61992173696281e-07	6	CD9	down
1.33276322951143e-10	-6.3983036484613	0	0.215	1.59585069101699e-06	6	RELN	down
1.28432455196341e-09	-1.19874215521259	0.302	0.578	1.53785021852099e-05	6	TUBA1B	down
1.37228644251622e-09	-5.5437976330328	0.029	0.23	1.64317578626892e-05	6	HAPLN3	down
1.95846976585506e-09	-0.863958801745971	0.496	0.745	2.34507169763485e-05	6	LOC138504591	down
5.80152806255285e-09	-0.857380981030026	0.518	0.746	6.94674970210078e-05	6	RAN	down
7.01590735812438e-09	-0.953413498569593	0.439	0.674	8.40084747061814e-05	6	RALB	down
3.89091396211803e-08	-0.91258483358263	0.54	0.743	0.000465898037824013	6	CALM2	down
7.98262633290383e-08	-1.02716885067803	0.439	0.643	0.000955839677101904	6	MARCKS	down
1.86744400275541e-07	-0.667090042920657	0.496	0.721	0.00223607744889933	6	YWHAZ	down
7.54236610977182e-07	-1.10801010421219	0.187	0.413	0.00903122917984078	6	WLS	down
7.88525965576293e-07	-0.937515408716053	0.309	0.55	0.00944180991181053	6	CYCS	down
1.26378052993667e-06	-1.59796479558055	0.201	0.428	0.0151325080654616	6	CLDN11	down
1.35029363123498e-06	-1.40589144052436	0.23	0.452	0.0161684159404077	6	LOC138582805	down
1.74950273862754e-35	1.92422964606056	0.871	0.383	2.09485457923261e-31	6	XIRP2	up
1.09354500322329e-28	1.68294916658544	0.885	0.555	1.30941078685957e-24	6	ADCY4	up
7.0479444114883e-27	1.60184959631059	0.842	0.403	8.43920863831609e-23	6	PLCB1	up
1.66063831240491e-21	1.42913570256842	0.705	0.303	1.98844831527364e-17	6	TACR1	up
2.1685080014498e-21	1.18663747504124	0.878	0.544	2.59657148093599e-17	6	RAMP3	up
4.36649049285909e-21	3.06407392815925	0.338	0.062	5.22843571614948e-17	6	ANKFN1	up
2.2412203655525e-20	2.46338278932776	0.374	0.094	2.68363726571257e-16	6	RASA4	up
3.11899654049688e-19	1.78550539178221	0.554	0.198	3.73468645759096e-15	6	SLC16A2	up
3.15442424562169e-19	1.86933171948017	0.54	0.202	3.77710759170742e-15	6	SELP	up
9.75967132926328e-19	1.0696656894311	0.942	0.682	1.16862304496598e-14	6	SHANK3	up
2.61123995094715e-18	1.43011211610471	0.784	0.524	3.12669871726412e-14	6	DOCK9	up
1.18145232323834e-17	2.54366520821754	0.353	0.073	1.41467101184559e-13	6	EPS8	up
1.37366446686307e-16	1.77847639041177	0.612	0.278	1.64482583262184e-12	6	GGT5	up
2.22440731823427e-15	1.37949799314545	0.683	0.358	2.66350532285372e-11	6	NHSL2	up
2.79035230318838e-14	1.26949024477855	0.633	0.302	3.34116784783776e-10	6	EPAS1	up
1.40411028303384e-13	1.71704351246193	0.511	0.199	1.68128165290472e-09	6	PPP1R16B	up
2.10033045554162e-13	1.16327622923107	0.662	0.341	2.51493568746553e-09	6	PREX2	up
3.94034708893035e-13	1.42921030015997	0.583	0.292	4.7181716042852e-09	6	LHFPL7	up
6.54814974581822e-13	1.91513331058962	0.353	0.105	7.84075450564273e-09	6	BEGAIN	up
7.89189712583888e-13	1.0932496267675	0.741	0.54	9.44975761847947e-09	6	LOC138515939	up
9.94237025922264e-13	1.99794433908924	0.345	0.095	1.19049941483932e-08	6	LOC138531582	up
3.75097729129636e-12	1.699462293183	0.424	0.175	4.49142020859827e-08	6	MEOX2	up
1.4179793290301e-11	1.40363297180949	0.489	0.209	1.69788844858064e-07	6	RASAL2	up
2.73203708373099e-11	1.61469479682884	0.36	0.134	3.27134120405949e-07	6	CRTAC1	up
3.06531584331359e-11	1.71808030376842	0.46	0.215	3.6704091907837e-07	6	HDAC7	up
3.8033218202508e-11	0.859683726025013	0.791	0.532	4.55409754756831e-07	6	KDR	up
3.97702828689962e-11	1.8824671216693	0.309	0.099	4.7620936707336e-07	6	PIK3R6	up
1.28714676185835e-10	1.58641765860754	0.453	0.189	1.54122953264919e-06	6	MAST4	up
1.56142873818933e-10	1.64542792436845	0.345	0.113	1.86965477110791e-06	6	ARHGAP7	up
2.0274774464149e-10	0.915444444115574	0.655	0.414	2.4277014943372e-06	6	ARHGEF9	up
1.57634085367573e-12	-2.22161372263946	0.439	0.741	1.88751053819132e-08	7	PRSS23	down
1.60835304375377e-10	-2.23747720591057	0.235	0.559	1.92584193459076e-06	7	IGFBP1	down
2.98315348195147e-07	-3.01614973999333	0.122	0.368	0.00357202797928869	7	MRC1	down
1.89247159477929e-06	-5.83748889148664	0	0.206	0.0226604548758873	7	RELN	down
3.13614689555624e-06	-1.11335189901869	0.429	0.651	0.0375522229273905	7	FLI1	down
8.0643440201089e-18	1.53126104380351	0.786	0.367	9.6562455296784e-14	7	SOX18	up
1.7319486443354e-16	2.93231995936659	0.296	0.048	2.07383530672721e-12	7	GJA4	up
8.72635171181466e-16	2.21341433674537	0.408	0.102	1.04489335397269e-11	7	TMEM100	up
2.27213847619863e-14	1.28644035405557	0.888	0.598	2.72065861140024e-10	7	STMN1	up
2.99709756237597e-12	1.42151406356173	0.704	0.342	3.58872462118899e-08	7	ID3	up
6.88984033516109e-11	0.880889789498139	0.867	0.538	8.24989481732189e-07	7	PODXL	up
9.07962552409057e-11	1.30083761362376	0.684	0.337	1.08719436025461e-06	7	ACVRL1	up
5.67932797160298e-10	1.93426823115611	0.388	0.114	6.80042731319741e-06	7	TOP2A	up
1.54458379592641e-09	1.66474979175212	0.469	0.184	1.84948463724229e-05	7	B4GALT1	up
3.65243569446926e-09	2.39518759044292	0.327	0.096	4.37342650055749e-05	7	UBE2C	up
5.30759191072016e-09	1.19927366954206	0.724	0.468	6.35531055389632e-05	7	JAG2	up
7.49541061799778e-09	1.33836686843428	0.602	0.31	8.97500467399054e-05	7	FBLN2	up
1.17184327836366e-08	1.3180456947617	0.551	0.267	0.000140316514151264	7	SMAD6	up
1.38236821414508e-08	1.15092689913995	0.541	0.251	0.000165524769961731	7	TJP2	up
1.72631037779428e-08	0.923537037369292	0.765	0.524	0.000206708404637088	7	TUBA1B	up
2.05398723104086e-08	1.01579315250942	0.704	0.421	0.000245944431044833	7	SLC29A1	up
1.39050767914706e-07	1.27807928744406	0.469	0.218	0.00166499389501069	7	NHERF2	up
1.51857002297519e-07	0.988716015178487	0.582	0.312	0.00181833574551049	7	PLEKHG5	up
4.98811120381276e-07	1.27335687720166	0.418	0.168	0.0059727643554454	7	EMP2	up
1.15055961588116e-06	1.00952518201853	0.51	0.263	0.013776800840561	7	CD200	up
1.15998001631235e-06	0.860678650796734	0.663	0.393	0.013889600715324	7	CD93	up
3.14300885489794e-06	0.730379989368231	0.724	0.523	0.037634388028548	7	NUCKS1	up
7.15799414166222e-19	-2.28781421325237	0.395	0.824	8.57098218522635e-15	8	VWF	down
1.25206790743578e-11	-2.42625159736859	0.421	0.736	1.4992261123636e-07	8	PRSS23	down
3.19773427292834e-08	-4.28310781274467	0.079	0.366	0.000382896701840439	8	MRC1	down
2.19826719889554e-07	-2.67878997988411	0.105	0.404	0.00263220514395752	8	EXOC3L2	down
1.30261270796879e-06	-1.31758189733494	0.184	0.472	0.0155974845652183	8	LYVE1	down
2.15168315403068e-14	1.14027669449699	0.895	0.543	2.57642540863634e-10	8	PODXL	up
2.2917350772936e-13	2.19241635102303	0.368	0.087	2.74412358155136e-09	8	CXCL12	up
2.02260478667854e-11	1.51022770255379	0.684	0.345	2.42186697156889e-07	8	PINLYP	up
1.28899318162369e-10	1.70339863982073	0.421	0.142	1.5434404356762e-06	8	CRTAC1	up
7.49637152871533e-10	0.929254142997461	0.882	0.631	8.97615526848373e-06	8	CAVIN2	up
3.32412153707248e-09	0.93344645216379	0.908	0.632	3.98030312849058e-05	8	CD34	up
9.68350987801363e-09	1.07938936354139	0.658	0.32	0.000115950347279335	8	EPAS1	up
2.14028342510193e-08	1.22387602986268	0.829	0.534	0.000256277537321706	8	SH3BGRL3	up
7.57059211980163e-08	0.910189881370539	0.789	0.548	0.000906502700425047	8	LOC138515939	up
1.96899532749503e-07	0.830456033895892	0.816	0.58	0.00235767500514255	8	ECM1	up
4.91428855565282e-07	0.839535327806754	0.842	0.598	0.00588436911653869	8	SPTBN1	up
6.76016546145047e-07	1.11125197674035	0.618	0.353	0.00809462212354079	8	ROBO4	up
8.55049933553842e-07	0.913535909250531	0.855	0.616	0.0102383679043737	8	B2M	up
